음 식 명,분류,중량,에너지,탄수화물,지방,단백질,나트륨,콜레스테롤,트랜스지방
쌀밥,밥류,210,334.8,73.71,0.45,5.76,59.4,0,0
기타잡곡밥,밥류,200,302.36,65.52,0.75,6.71,3.39,0,0
콩밥,밥류,200,322.9,65.85,1.67,8.43,4.1,0,0
보리밥,밥류,200,316.1,70.57,0.14,5.55,4.5,0,0
돌솥밥,밥류,350,528.86,101.85,8.35,10.19,618.32,2.37,0
현미밥,밥류,230,351.35,77.88,1.1,6.66,42.08,0,0
흑미밥,밥류,200,318,70.29,0.39,5.44,4.5,0,0
감자밥,밥류,200,308,68.64,0.08,5.68,5.2,0,0
곤드레밥,밥류,350,506.8,108.05,8.37,14.14,88.75,0,0
김치볶음밥,밥류,500,656.98,79.29,5.06,8.74,1094.91,76,0
주먹밥,밥류,150,209.56,36.18,3.46,6.7,329.69,50.13,0
볶음밥,밥류,400,687.74,100.33,19.29,24.46,1441.42,309,0
일반비빔밥,밥류,500,703,95.68,25.28,22.6,1234.09,40.2,0
전주비빔밥,밥류,450,662.19,92.99,13.03,15.84,1281.3,286.94,0
삼선볶음밥,밥류,400,683.62,113.43,16.84,19.26,1155.81,119.13,0
새우볶음밥,밥류,400,634.52,91.62,17.91,24.12,1124.63,127.2,0
알밥,밥류,400,606.54,92.1,3.45,15.16,1647.87,39,0
산채비빔밥 ,밥류,400,495.89,89.66,10.99,10.66,1060.78,0,0
오므라이스,밥류,450,684.99,101.62,19.75,23.15,1123.24,605.63,0
육회비빔밥,밥류,450,661.41,91.74,17.54,32,1126.6,241.65,0
해물볶음밥,밥류,400,659.23,85.19,23.71,22.68,951.03,362.4,0
열무비빔밥,밥류,400,445.66,90.03,3.16,12.99,718.39,12.8,0
불고기덮밥,밥류,500,699.96,92.09,21.4,29.31,1182.88,72,0
소고기국밥,밥류,700,331.71,54.93,4.74,16.04,1613.21,25.5,0
송이덮밥,밥류,600,600.42,103.57,14.45,16.28,1578.85,9.54,0
오징어덮밥,밥류,500,693.98,83.43,20.92,40.59,1497.37,387.6,0
자장밥,밥류,500,729.62,98.08,24.95,25.76,1521.85,36,0
잡채밥,밥류,650,851.54,125.7,28.61,21.14,2251.34,36,0
잡탕밥,밥류,750,737.23,100.55,22.48,29.02,1922.14,188.05,0
장어덮밥,밥류,400,671.72,103.04,19.24,26.14,893.22,156.96,0
제육덮밥,밥류,500,796.94,95.8,27.52,37.8,1375.69,108,0
짬뽕밥,밥류,900,696.69,93.42,22.42,41.8,2869.54,304.3,0
순대국밥,밥류,900,690.35,34.23,16.48,17.34,3418.2,1480.97,0
카레라이스,밥류,500,653.24,92.58,10.67,13.4,1108.55,13.75,0
전주콩나물국밥,밥류,900,432.38,88.73,3.53,12.5,1753.26,2.77,0
해물덮밥,밥류,700,837.98,100.11,29,51.77,2117.83,293.87,0
회덮밥,밥류,500,698,101.75,11.4,42.99,777.63,125.59,0
소머리국밥,밥류,1100,891.43,77.06,40.76,48.94,970.9,477.1,0
돼지국밥,밥류,1200,811.44,78.28,36.45,56.76,1257.67,734.5,0
하이라이스,밥류,360,477.6,84.59,9.67,7.92,991.68,8.57,0
김치김밥,밥류,250,377.26,71.8,4.62,11.45,967.79,99.6,0
농어초밥,밥류,250,414.78,74.14,2.37,19.93,1385.46,43.47,0
문어초밥,밥류,250,377.97,71.84,1.03,16.9,1420.92,96,0
새우초밥,밥류,250,395.54,69.54,1.21,22.74,1396.75,138.33,0
새우튀김롤,밥류,300,572.02,81.5,18.9,21.11,1512.5,96.54,0
샐러드김밥,밥류,250,422.43,75.84,7.51,12.76,906.68,100.53,0
광어초밥,밥류,300,471.66,72.53,3.21,33.74,951.28,126.5,0
소고기김밥,밥류,250,425.67,76.07,6.64,14.67,1477.98,99.87,0
갈비삼각김밥,밥류,100,183.18,32.75,2.6,6.86,398.12,12.42,0
연어롤 ,밥류,300,518.58,76.11,14.72,20.72,1243.82,51.73,0
연어초밥,밥류,250,451.03,70.87,5.76,24.94,995.03,54.6,0
유부초밥,밥류,250,463.21,78.47,11.23,12.37,929.07,0,0
장어초밥,밥류,400,486.35,74.84,12.73,16.33,1291.81,130.43,0
참치김밥,밥류,250,401.22,47.55,14.59,19.83,925.73,143.67,0
참치마요삼각김밥,밥류,100,189.58,31.93,2.89,8.11,189.1,16.63,0
치즈김밥 ,밥류,250,462.23,77.13,8.84,17.12,919.97,83.02,0
캘리포니아롤,밥류,300,468.16,81.22,9.73,12.8,1351.96,28.34,0
한치초밥,밥류,250,389.96,77.31,1.2,13.54,1153.49,0.75,0
일반김밥,밥류,200,348.87,63.64,5.42,10.28,951.32,69.12,0
간자장,면류,650,807.74,121.75,26.38,29.28,2347.77,19.43,0
굴짬뽕,면류,900,640.77,115.82,7.76,37.39,2385.35,178.2,0
기스면,면류,1000,645.61,98.3,11,43.52,2279.52,341.1,0
김치라면,면류,650,512.26,80.57,20.34,12.97,2628.29,15.41,0
김치우동,면류,800,512.71,99.06,4.74,16.74,3003.05,33.44,0
김치말이국수,면류,600,310.38,60.76,2.47,10.42,2335.45,22.23,0
닭칼국수,면류,900,643.1,70.24,19.59,39.86,2492.77,113.77,0
들깨칼국수,면류,600,442.32,76.67,6.78,17.48,1695.77,16.72,0
떡라면,면류,700,672.18,121.08,17.58,15.45,2214.36,2.34,0
라면,면류,550,509.33,83.17,17.75,14.08,1695.5,2.34,0
막국수,면류,550,566.89,111.3,5.09,26.95,1828.02,37.1,0
메밀국수,면류,600,588.68,120.09,4.53,25.26,1962.46,35.98,0
물냉면,면류,800,579.71,96.4,9.78,28.78,2586.16,178.23,0
비빔국수,면류,550,577.17,114.48,9.55,16.71,1628.3,0,0
비빔냉면,면류,550,594.31,91.49,9.13,23.7,1530.57,31.73,0
삼선우동,면류,1000,692.26,89.2,10.53,56.17,2351.43,640.68,0
삼선자장면,면류,700,787.84,111.57,24.68,38.33,2791.11,162.24,0
삼선짬뽕,면류,900,629.1,89.31,13.45,39.17,2825.66,249.3,0
수제비,면류,800,622.15,99.22,6.54,38.53,1669.32,209,0
쌀국수,면류,600,321.34,46.2,5.81,21.85,2032.17,123.03,0
열무김치국수,면류,800,488.32,81.61,8.22,21.94,2587.7,45.14,0
오일소스스파게티,면류,400,626.59,99.24,16.59,14.68,968.7,0,0
일식우동,면류,700,420.79,81.23,1.74,16.94,1873.54,16.2,0
볶음우동,면류,300,377.92,62.26,10.81,9.59,1461.31,0,0
자장면,면류,650,760.88,134.29,23.16,15.74,2447,3.08,0
잔치국수,면류,700,564.23,104.67,6.23,20.26,1792.23,167.41,0
짬뽕,면류,1000,650.31,118.54,13.53,25.53,3451.37,105.23,0
짬뽕라면,면류,750,633.34,88.79,24.63,31.41,2380.93,85.28,0
쫄면,면류,450,622.42,110.85,6.93,12.36,1271.55,0,0
치즈라면,면류,600,598.67,83.53,23.28,23.35,2425.97,302.2,0
콩국수,면류,800,623.5,67.12,20.43,47.8,875.84,0,0
크림소스스파게티,면류,400,825.06,85.88,45.4,19.44,1025.21,140.15,0
토마토소스스파게티,면류,500,642.18,102.07,17.37,20.22,1404.81,12.65,0
해물칼국수,면류,900,621.2,124.21,4.01,24.87,2195.05,156.77,0
회냉면,면류,550,638.9,131.9,8.78,20.22,1524.28,92.9,0
떡국,국/죽류,800,714.99,144.03,5.39,21.86,2019.28,90.8,0
떡만둣국,국/죽류,700,625.35,113.96,9.4,22.72,1999.12,298.81,0
고기만두,반찬류,250,454.39,55.33,18.25,18.66,888.8,21,0
군만두,반찬류,250,684.42,76.17,31.18,19.77,983.7,36,0
김치만두,반찬류,250,424.64,60.79,13.1,18.43,961.97,20.28,0
물만두,반찬류,120,158.05,20.48,5.84,5.86,269.52,7.59,0
만둣국,국/죽류,700,432.62,53.28,14.92,19.24,2356.67,94.22,0
게살죽,국/죽류,800,554.24,103.59,7.63,18.15,1533.96,40.87,0
깨죽,국/죽류,800,505.68,71.13,18.94,13.43,1212.27,0,0
닭죽,국/죽류,1000,1181.71,92.53,48.18,75.93,789.79,271.44,0
소고기버섯죽,국/죽류,800,573.24,102.93,6.46,20.52,1263.62,29.32,0
어죽,국/죽류,800,559.27,90.47,6.08,15.53,1621.29,75.77,0
잣죽,국/죽류,700,872.61,153.79,20.29,15.79,850.63,0,0
전복죽,국/죽류,800,587.29,105.04,11.45,14.57,1423.93,45.15,0
참치죽,국/죽류,800,658.46,105.94,13.85,26.08,1264.15,40.76,0
채소죽,국/죽류,800,514.83,100.8,5.13,11.89,1211.63,24.29,0
팥죽,국/죽류,600,482.65,100.74,0.56,20.59,1026.11,0,0
호박죽,국/죽류,600,430.33,111.41,0.72,8.11,911.72,0,0
콘스프,국/죽류,400,280.48,35.37,14.02,5.82,1319.46,40.71,0
토마토스프,국/죽류,400,382.41,12.42,25.4,18.2,1544.31,70.8,0
굴국,국/죽류,450,194.42,11.44,8.65,22.8,1775.97,45,0
김치국,국/죽류,450,86,13.01,3.38,6.03,1646.15,0,0
달걀국,국/죽류,450,193.04,5.35,11.11,16.19,1263.96,641.25,0
감자국,국/죽류,700,220.07,37.01,2.16,17,1734.15,87.78,0
미역국,국/죽류,500,50.17,4.7,4.35,2.7,1527.55,0,0
바지락조개국,국/죽류,550,159.25,8.51,1.84,25.83,1650.85,145.2,0
소고기무국,국/죽류,400,125.22,8.14,4.72,13.51,1095.18,28.56,0
소고기미역국,국/죽류,650,154.93,6.91,6.83,20.23,2006.88,41.34,0
순대국,국/죽류,800,550.66,22.82,32.94,41.22,1532.59,774.77,0
어묵국,국/죽류,600,252.09,37.16,4.21,22.85,2022.74,100.37,0
오징어국,국/죽류,500,169.04,10.6,2.36,27.74,1573.42,296.4,0
토란국,국/죽류,250,462.97,85.16,7.07,23.89,700.67,37.73,0
탕국,국/죽류,250,94.24,2.58,4.32,12.08,663.05,35.48,0
홍합미역국,국/죽류,650,168.88,14.13,6.43,19.99,2066.27,79.63,0
황태해장국,국/죽류,600,184.22,6.39,7.22,25.21,1526.82,91.61,0
근대된장국,국/죽류,450,109.26,8.14,3.21,15.31,1453.19,112.86,0
미소된장국,국/죽류,150,37.97,1.7,1.75,4.14,511.98,15.68,0
배추된장국,국/죽류,700,121.53,11.04,3.63,13.96,2321.48,25.97,0
뼈다귀해장국 ,국/죽류,1000,715.98,29.71,45.37,53.63,3093.6,216.24,0
선지(해장)국,국/죽류,1000,314.42,22.29,5.03,48.1,3053.19,149.6,0
콩나물국,국/죽류,400,22.53,1.26,1.42,1.82,752.43,7.41,0
시금치된장국,국/죽류,400,121.45,9.9,3.39,16.69,1381.25,117.04,0
시래기된장국,국/죽류,450,99.12,10.68,2.54,10.02,1535.63,37.62,0
쑥된장국,국/죽류,450,117.32,17.17,2.55,13.21,1799.6,68.97,0
아욱된장국,국/죽류,450,103.53,9.96,2.94,12,1462.13,37.62,0
우거지된장국,국/죽류,450,85.97,13.72,1.81,6.44,1593.99,0,0
우거지해장국,국/죽류,600,158.5,14.86,5.73,14.19,1972.09,13.26,0
우렁된장국,국/죽류,500,245.28,21.19,7.05,24.72,2150.43,22.95,0
갈비탕,국/죽류,600,240.4,8.21,14.33,18.67,1688.43,189.84,0
감자탕,국/죽류,900,963.71,49.64,58.28,60.55,2439.38,143.69,0
곰탕,국/죽류,300,181.42,15.5,5.44,16.59,713.64,33.66,0
매운탕,국/죽류,600,402.79,18.83,21.56,37.16,2130.95,148.77,0
꼬리곰탕,국/죽류,700,750.69,10.93,52.8,54.87,764.73,361.23,0
꽃게탕,국/죽류,600,240.65,20.77,5.49,31.7,2268.86,207.9,0
낙지탕,국/죽류,600,186.1,11.77,2.73,29.21,1711.12,249.6,0
내장탕,국/죽류,700,549.81,13.7,31.51,56.97,2383.07,467.04,0
닭곰탕,국/죽류,650,527.7,15.39,24.14,58.88,1005.19,230.49,0
닭볶음탕,국/죽류,300,371.81,19.17,17.32,33.85,1030.46,119.25,0
지리탕,국/죽류,600,260.59,10.52,8.36,38.34,1685.16,154.15,0
도가니탕,국/죽류,800,563.65,5.58,34.77,54.6,599.27,192.64,0
삼계탕,국/죽류,1000,881.32,44.08,40.57,76.65,1211.32,285,0
설렁탕,국/죽류,600,422.76,10.94,18.2,52.71,725.16,219.36,0
알탕,국/죽류,700,424.13,49.52,6.98,49.21,2393.29,610.8,0
연포탕,국/죽류,1000,541.19,21.64,9.2,91.65,2307.07,844,0
오리탕,국/죽류,600,480.82,24.16,21.64,43.21,1849.93,161.7,0
추어탕,국/죽류,700,338.67,24.42,11.51,37.37,2077.15,298.48,0
해물탕,국/죽류,600,272.26,19.58,3.38,41.74,2071.99,350.22,0
닭개장,국/죽류,700,317.07,19.18,14.95,33.74,1786.03,96.9,0
육개장,국/죽류,440,137.86,11.62,5.87,13.44,1112.78,24.23,0
뼈해장국,국/죽류,1000,692.93,25.42,37.16,67.92,3192.46,634.2,0
미역오이냉국,국/죽류,450,77.35,19.74,1.35,5.61,1483.6,0,0
고등어찌개,국/죽류,600,605.31,32.03,28.2,59.16,2599.71,206.64,0
꽁치찌개,국/죽류,300,356.63,14.48,20.69,29.51,1296.33,84.48,0
동태찌개,국/죽류,800,369.69,18.94,7.8,59.57,2487.54,292.66,0
부대찌개,국/죽류,600,525.98,46.81,28.48,27.71,2689.19,42.96,0
된장찌개,국/죽류,400,147.06,15.98,5.27,11.71,2021.78,0,0
청국장찌개,국/죽류,400,275.46,14.97,14.43,25.84,1839.75,36,0
두부전골,국/죽류,500,315.11,16.2,19.15,29.15,1651.53,0,0
곱창전골,국/죽류,600,532.65,26.89,34.73,38.35,1750.42,230.7,0
소고기전골,국/죽류,300,203.22,16.55,7.54,19.47,1090.15,31.8,0
국수전골,국/죽류,400,643.16,66.93,22.39,45.29,1524.63,81.6,0
돼지고기김치찌개,국/죽류,400,246.29,9.33,18.26,15.5,1961.48,25.3,0
버섯찌개,국/죽류,400,171.86,15.26,7.52,16.64,1267.81,0,0
참치김치찌개,국/죽류,400,193.58,13.33,10.89,16.86,2604.45,35.44,0
순두부찌개,국/죽류,400,198.47,8.78,14.03,14.72,1331.31,6.6,0
콩비지찌개,국/죽류,400,248.66,24.52,12.81,15.96,1206.33,27.06,0
햄김치찌개,국/죽류,300,190.47,15.44,10.68,11.63,1527.82,23.37,0
호박찌개,국/죽류,300,98.3,12.74,2.34,7.78,1028.15,59.28,0
고추장찌개,국/죽류,500,263.44,20.08,12.35,25.62,935.15,48.15,0
대구찜,생선류,500,372.68,26.43,8.43,54.08,1888.04,196.35,0
도미찜,생선류,100,126.31,0.76,3.68,21.01,882.04,191.25,0
문어숙회,생선류,80,67.49,0.18,0.73,14.14,222.83,116.74,0
아귀찜,생선류,400,310.7,17.59,6.68,48.85,1463.31,187.42,0
조기찜,생선류,100,185.25,1.81,9.2,22.27,631.89,105.74,0
참꼬막,생선류,80,89.77,4.92,2.17,12.98,400.23,46.99,0
해물찜,생선류,500,397.38,36.02,8.94,50.28,2213.44,323.98,0
소갈비찜,육류,250,500.45,11.31,29.17,42.55,768.42,141.83,0
돼지갈비찜,육류,170.1,249.7,8.82,14.42,20.57,946.68,70.38,0
돼지고기수육,육류,300,1218.19,8.69,99.52,61.47,389.53,191.4,0
찜닭,육류,1500,1358.38,140.64,36.54,114.9,5290.09,341.64,0
족발,육류,150,381.57,32.3,16.62,26.02,839.14,98,0
달걀찜,육류,250,190,4.81,10.91,16.2,860.32,634.57,0
닭갈비,육류,300,562.1,24.54,28.89,52.3,975.55,224.1,0
닭꼬치,육류,70,177.51,12.9,7.9,12.35,287.26,47.6,0
돼지갈비,육류,100,248.52,7.6,14.7,19.95,344.89,72.04,0
떡갈비,육류,250,762.99,26.61,51.58,43.09,838.84,157.5,0
불고기,육류,150,386.79,13.05,21.78,32.9,632.54,106.22,0
소곱창구이,육류,150,639.11,6.51,51.71,35.62,332.72,652.5,0
소양념갈비구이,육류,300,986.92,27.74,66.48,61.97,1272.34,220.96,0
소불고기,육류,200,174.73,19.63,4.68,14.22,828.15,27.93,0
양념왕갈비,육류,150,485.51,15.04,33.71,29.33,533.19,103.5,0
햄버거스테이크,육류,200,436.75,21.35,28.05,24.92,920.26,75.78,0
훈제오리,육류,250,789.96,11.83,64.65,38.16,1216.98,200.25,0
치킨데리야끼,육류,340,692.52,50.73,32.19,47.34,865.98,171.25,0
치킨윙,육류,100,219.42,9.97,14.23,11.41,351.39,66,0
더덕구이,반찬류,100,183.74,31.78,5.62,5.8,745.78,0,0
양배추구이,반찬류,100,60.93,7.62,2.65,2.71,242.34,5.5,0
두부구이,반찬류,100,90.67,1.53,6.27,9.41,164.39,0,0
삼치구이,생선류,200,355.71,8.48,18.01,37.83,797.71,156.87,0
가자미전,생선류,150,220.46,6.68,7.12,29.97,814.37,226.88,0
굴전,생선류,100,192.81,13.92,9.07,12.56,331.02,123,0
동태전,생선류,150,265.25,11.48,16.14,19.87,672.98,134.56,0
해물파전,반찬류,150,267.23,27.68,12.57,12.94,356.43,96.84,0
동그랑땡,반찬류,150,312.41,14.71,18.72,19.67,579.81,184.28,0
햄부침,반찬류,100,232.6,9.73,15.48,13.07,774.68,52.15,0
육전,반찬류,100,197.1,6.72,9.51,19.58,248.68,91.5,0
감자전,반찬류,200,366.16,53.81,13.61,9.67,456.53,0,0
고추전,반찬류,150,261.44,17.78,14.86,13.94,359.88,160.65,0
김치전,반찬류,150,285.73,32.07,12.48,13.17,785.6,136,0
깻잎전,반찬류,150,357.62,16.65,24.64,18.3,464.94,171.38,0
녹두빈대떡,반찬류,100,200.71,18.64,8.32,9.96,246.03,13.75,0
미나리전,반찬류,150,215.86,30.1,8.63,6.09,235.65,28.5,0
배추전,반찬류,150,241.01,32.51,10.49,6.41,355.98,30.4,0
버섯전,반찬류,150,239.68,18.61,12.93,11.93,307.92,126.08,0
부추전,반찬류,150,241.18,32.01,9.5,7.14,255.16,7.13,0
야채전,반찬류,100,194.94,24.97,8.78,4.95,322.92,23.75,0
파전,반찬류,150,280.55,37.46,12.04,7.73,338,57,0
호박부침개,반찬류,100,130.72,8.67,9.24,3.37,172.03,61.75,0
호박전,반찬류,150,215.28,16.56,14.42,6.59,274.63,106.88,0
달걀말이,반찬류,100,172.24,4.67,11.23,12.04,323.32,475,0
두부부침,반찬류,100,134.88,4.29,8.76,9.92,199.83,0,0
두부전,반찬류,150,253.89,8.08,18.03,18.66,500.53,66.5,0
건새우볶음,반찬류,20,69.19,4.81,2.3,7.22,193.09,74.4,0
낙지볶음,생선류,200,180.59,23.51,3,17.87,868.88,135.2,0
멸치볶음,생선류,20,69.23,5.69,2.04,6.97,274.1,83.55,0
어묵볶음,생선류,150,281.54,36.28,8.08,18.04,1283.83,18.9,0
오징어볶음,생선류,200,243.7,27.42,6.84,20.43,1025.86,198,0
오징어채볶음,생선류,20,55.71,7,0.69,5.39,240.96,50.05,0
주꾸미볶음,생선류,200,211.81,21.69,6.11,20.16,969.88,385.6,0
해물볶음,생선류,400,420.53,36.53,15.32,37.48,1647.02,376.2,0
감자볶음,반찬류,50,57.8,8.23,2.53,1.34,219.94,0,0
김치볶음,반찬류,200,189.97,21.83,12.13,5.29,1513.41,0,0
깻잎나물볶음,반찬류,200,212.39,17.33,16.37,8.03,1046.43,5.2,0
느타리버섯볶음,반찬류,150,133.32,14.22,8.93,4.41,625.25,0,0
두부김치,반찬류,250,292.42,13.84,21.32,19.15,1033.85,30,0
머위나물볶음,반찬류,150,102.99,7.71,7.95,4.3,696.92,0,0
양송이버섯볶음,반찬류,150,132.42,10.55,9.79,5.46,520.11,0,0
표고버섯볶음,반찬류,150,143.6,14.28,7.36,4.01,563.59,0,0
고추잡채,반찬류,200,264.22,22.11,12.71,12.86,850.31,50.8,0
호박볶음,반찬류,50,29.19,3.09,2.01,0.77,223.28,0.07,0
돼지고기볶음,육류,200,353.13,15.33,20.94,25.75,1060.33,84,0
돼지껍데기볶음,육류,150,346.14,22.73,19.23,22.39,759.29,95.4,0
소세지볶음,육류,200,476.04,28.81,33.24,17.04,1409.05,56.26,0
순대볶음,육류,400,579.56,70.96,25.61,17.58,1379.55,189.92,0
오리불고기,육류,250,559.93,24.47,34.25,38.16,854.07,124.82,0
오삼불고기,육류,200,356.94,21.46,20.24,23.35,870.4,164.3,0
떡볶이,반찬류,200,300.76,58.85,2.96,8.72,862.23,6,0
라볶이,반찬류,200,266.03,41.13,9.59,7.96,836.24,6.9,0
마파두부,반찬류,200,226.92,10.99,12.01,16.85,647.45,19.15,0
가자미조림,생선류,300,301.29,20.34,6.9,40.7,1621.23,165,0
갈치조림,생선류,100,99.39,5.49,3.92,10.68,463.82,42,0
고등어조림,생선류,250,459.34,10.96,25.35,45.37,1177.96,170.15,0
꽁치조림,생선류,150,280.09,8.36,16.67,22.59,679.42,67.2,0
동태조림,생선류,250,270.61,16.77,4.09,39.03,1440.18,211.05,0
북어조림,생선류,100,184.58,15.66,3.04,23.88,761.39,103.95,0
조기조림,생선류,300,378.26,14.24,16.26,41.43,1682.9,176.61,0
코다리조림,생선류,100,146.67,4.57,5.62,18.46,433.18,77.6,0
달걀장조림,반찬류,100,133.73,10.03,6.4,8.75,636.61,308.75,0
메추리알장조림,반찬류,100,205.08,7.36,13.69,12.11,758.9,530.64,0
돼지고기메추리알장조림,반찬류,50,62.97,3.14,2.11,7.62,555.79,77.3,0
소고기메추리알장조림,반찬류,50,61.22,3.45,2.21,6.67,608.3,70.17,0
고추조림,반찬류,100,105.88,14.83,4.19,2.86,802.46,0,0
감자조림,반찬류,50,39.01,8.4,0.2,1.55,265.92,0,0
우엉조림,반찬류,30,68.5,15.51,0.33,1.1,242.28,0,0
알감자조림,반찬류,50,56.23,10.48,1.26,1.38,241.73,0,0
(검은)콩조림,반찬류,20,56.83,6.98,2.09,3.85,102.85,0,0
콩조림,반찬류,20,59.22,7.75,1.94,3.57,234.7,0,0
두부고추장조림,반찬류,50,67.14,4.03,4,5.14,199.23,0,0
땅콩조림,반찬류,20,80.42,6.54,5.11,2.91,154.25,0,0
미꾸라지튀김,생선류,100,382.13,30.57,22.54,12.69,323.26,121.3,0
새우튀김,생선류,100,311.26,21.83,19.64,11.83,553.89,165.9,0
생선가스,생선류,200,646.21,57.38,37.09,24.5,817.27,176.3,0
쥐포튀김,생선류,100,353.33,37.99,16.54,11.21,423.8,75.64,0
오징어튀김,생선류,100,308.43,26.02,16.5,13.46,361.57,133,0
닭강정,육류,100,323.25,24.21,15.56,18.34,413.14,107.5,0
닭튀김,육류,300,909.81,45.92,52.34,54.55,1150.13,380.63,0
돈가스,육류,200,620.64,36.56,39.12,27.78,557.09,138.34,0
모래집튀김,육류,150,457.35,31.86,25.89,22.29,297.01,137.65,0
양념치킨,육류,200,567.58,38.84,31.15,30.47,777.86,259,0
치즈돈가스,육류,250,758.5,45.48,46.15,36.02,855.05,146.4,0
치킨가스,육류,200,582.01,51.28,28.64,31.03,748.73,113.3,0
탕수육,육류,200,454.44,56.49,16.59,17.06,403.26,76.48,0
깐풍기,육류,200,585.08,43.36,33.34,27.8,629.27,173,0
감자튀김,반찬류,150,462.11,50.1,25.76,6.24,374.22,0,0
고구마맛탕,반찬류,200,490.93,90.19,13.53,3.3,213.33,0,0
고구마튀김,반찬류,100,241.57,34.1,10.8,3.21,150.64,19,0
고추튀김,반찬류,100,198.35,12.74,13.63,6.48,260.65,190,0
김말이튀김,반찬류,100,240.56,32.49,12.38,2.25,393.02,0,0
채소튀김,반찬류,100,311.99,36.35,18.53,3.01,277.28,0,0
노각무침,반찬류,150,81.35,16.43,2.07,3.09,822.1,0,0
단무지무침,반찬류,50,19.19,3.22,0.91,0.47,447.86,0,0
달래나물무침,반찬류,150,132.69,25.26,3.3,4.77,852.99,0,0
더덕무침,반찬류,150,220.89,48.44,2.74,4.89,1203.58,0,0
도라지생채,반찬류,150,165.23,38.59,1.71,4.15,789.08,0,0
도토리묵,반찬류,100,43.05,9.87,0.35,0.4,116.47,0,0
마늘쫑무침,반찬류,30,38.12,9.35,0.28,0.98,423.46,0,0
무생채,반찬류,150,73.68,16,1.28,2.63,832.19,1.68,0
무말랭이,반찬류,30,39.89,9.63,0.34,1.36,378.78,0.04,0
오이생채,반찬류,50,23.36,4.63,0.5,0.89,269.31,0,0
파무침,반찬류,150,124.3,19.47,5.41,3.82,693.83,10.05,0
상추겉절이,반찬류,200,130.62,17.99,6.25,5.65,952.32,5.36,0
쑥갓나물무침,반찬류,150,94.86,8.78,6.51,5.49,700.12,0,0
청포묵무침,반찬류,250,157.61,19.68,4.23,2.96,756.74,2.35,0
해파리냉채,반찬류,150,87.29,13.83,1.55,6.63,490.13,17.63,0
가지나물,반찬류,50,21.87,3.03,1.27,0.73,159.17,0,0
고사리나물,반찬류,50,43.51,3.8,3.26,1.97,251.53,0,0
도라지나물,반찬류,50,54.68,5.34,3.82,0.67,256.67,0,0
무나물,반찬류,50,34.58,3.04,2.56,0.58,293.52,0,0
미나리나물,반찬류,50,28.34,2.56,2.14,0.99,165.52,0,0
숙주나물,반찬류,50,19.51,1.56,1.35,1.31,186.73,0,0
시금치나물,반찬류,50,37.51,3.82,2.37,2.07,217.26,0,0
취나물,반찬류,50,72.94,3.46,6.71,1.6,288.65,0,0
콩나물,반찬류,50,24.13,1.15,1.98,1.64,203.5,0,0
고구마줄기나물,반찬류,50,30.44,2.97,2.24,0.63,255.71,0,0
우거지나물무침,반찬류,150,126.11,10.28,8.66,5.08,774.55,0,0
골뱅이무침,반찬류,100,107.35,15.56,2.3,7.91,515.92,45.56,0
김무침,반찬류,30,81.01,12.19,4.12,4.71,498.63,0,0
미역초무침,반찬류,50,24.94,5.7,0.54,1.07,285.8,0,0
북어채무침,반찬류,150,332.05,31.33,5.8,37.37,1048.53,108.57,0
회무침,반찬류,300,311.59,42.88,4.26,27.18,1253.25,61.38,0
쥐치채,반찬류,20,53.39,10.18,0.2,2.77,289.45,5.93,0
파래무침,반찬류,30,31.59,5.43,0.69,2.34,252.05,0,0
홍어무침,반찬류,200,193.14,24.9,2.27,21.64,817.42,79.2,0
골뱅이국수무침,반찬류,230,256.42,39.63,7.01,10.52,911.74,39.98,0
오징어무침,반찬류,200,249.53,13.55,4.19,38.67,682.39,430.92,0
잡채,반찬류,150,198.82,37.47,4.7,2.59,664.75,14.25,0
탕평채,반찬류,100,101.19,10.2,3.11,3.53,247.42,4.95,0
갓김치,반찬류,50,27.64,5.21,0.7,1.98,447.77,3.51,0
고들빼기,반찬류,50,55.39,11.99,0.56,2.21,733.75,0.55,0
깍두기,반찬류,50,17.99,3.95,0.23,1,338.88,4.07,0
깻잎김치,반찬류,150,124.49,23.27,3.16,6.1,1907.64,29.66,0
나박김치,반찬류,100,14.75,2.26,0.42,0.63,509.47,0,0
동치미,반찬류,400,57.69,14.26,0.64,2.7,2313.58,0,0
배추겉절이,반찬류,50,21.24,4.48,0.5,0.94,325.41,1.34,0
배추김치,반찬류,50,18.43,4.16,0.3,1.15,309.53,3.41,0
백김치,반찬류,50,19.8,4.38,0.26,0.8,211.72,0.04,0
부추김치,반찬류,50,32.91,6.29,0.57,1.88,399.38,0,0
열무김치,반찬류,50,16.29,3.16,0.35,1.34,308.35,0,0
열무얼갈이김치,반찬류,50,16.57,3.03,0.4,1.27,344.2,4.2,0
오이소박이,반찬류,50,16.67,2.96,0.53,0.94,276.19,1.45,0
총각김치,반찬류,50,17.56,3.44,0.37,1.03,347.17,4.43,0
파김치,반찬류,50,28.01,5.47,0.7,1.55,395.87,4.69,0
간장게장,반찬류,250,292.7,13.89,2.09,32.67,3075.53,223.13,0
마늘쫑장아찌,반찬류,50,28.27,6.19,0.13,1.05,778.6,0,0
고추장아찌,반찬류,30,22.36,4.18,0.09,0.8,787.3,0,0
깻잎장아찌,반찬류,30,33.64,7.87,0.36,2.11,568.75,0.63,0
마늘장아찌,반찬류,30,16.06,3.07,0.02,0.79,481.75,0,0
무장아찌,반찬류,30,27.34,5.31,0.26,0.57,933.28,0,0
양념게장,반찬류,200,275.55,46.33,2.06,20.41,1747.84,134.4,0
양파장아찌,반찬류,50,19.72,3.54,0.05,0.58,423.61,0,0
오이지,반찬류,50,11.44,2.39,0.31,1.14,926,0,0
무피클,반찬류,50,17,4.19,0.05,0.4,6.6,0,0
오이피클,반찬류,50,54,14.64,0.15,0.3,333.6,0,0
단무지,반찬류,30,3.9,0.66,0.16,0.11,173.55,0,0
오징어젓갈,생선류,10,6.83,0.29,0.1,1.24,179.11,13.68,0
명란젓,생선류,10,12,0.27,0.3,2.05,353.1,35,0
생연어,생선류,100,110.29,1,1.94,20.91,213.06,60,0
생선물회,생선류,800,575.01,81.45,14.13,36.77,2986.23,0.76,0
광어회 ,생선류,100,116.2,9.34,1.36,17.2,754.4,74.96,0
훈제연어,생선류,100,169,9.34,6.16,19.28,1260.8,141.6,0
육회,육류,150,236.56,15.95,8.05,25.03,433.42,57.75,0
육사시미,육류,150,203.55,6.96,6.08,29.28,888.03,63.45,0
가래떡,디저트/빵류,100,205.04,45.05,0.33,3.52,254.68,0,0
경단,디저트/빵류,100,303.79,67.04,0.54,6.58,186.36,0,0
꿀떡,디저트/빵류,100,225.92,50.36,0.76,3.24,251.34,0,0
시루떡,디저트/빵류,100,223.62,49.03,0.28,5.5,278.95,0,0
메밀전병,디저트/빵류,100,166.14,24.82,5.5,5.79,340.66,0,0
찰떡,디저트/빵류,100,216.19,44.88,1.24,5.81,236.82,0,0
무지개떡,디저트/빵류,100,218.18,48.7,0.87,4,277.71,0,0
백설기,디저트/빵류,100,218.82,48.2,0.79,4.04,296.95,0,0
송편,디저트/빵류,100,234.9,46.82,2.7,4.17,236.55,0,0
수수부꾸미,디저트/빵류,100,258.99,46.15,5.67,5.5,270.04,0,0
수수팥떡,디저트/빵류,100,212.73,45.17,0.68,5.98,236.38,0,0
쑥떡,디저트/빵류,100,238.06,54.64,0.45,4.53,256.15,0,0
약식,디저트/빵류,100,232.21,48.88,2.27,3.83,290.64,0.16,0
인절미,디저트/빵류,100,214.46,42.55,1.76,6.4,337.74,0,0
절편,디저트/빵류,100,197.81,44.07,0.35,3.06,266.77,0,0
증편,디저트/빵류,100,198.69,44.22,0.34,2.54,259.04,0,0
찹쌀떡,디저트/빵류,100,264.74,62.08,0.23,3.41,226.38,0,0
매작과,디저트/빵류,30,121.48,19.06,3.57,2.55,31.05,0,0
다식,디저트/빵류,30,105.17,20.81,1.73,3.55,3.85,0,0
약과,디저트/빵류,30,113.85,22.18,1.24,2.57,16.46,0,0
유과,디저트/빵류,30,129.06,24.14,3.5,0.36,7.06,0,0
산자,디저트/빵류,30,121.7,24.7,1.2,0.91,8.01,0,0
깨강정,디저트/빵류,30,150.3,13.62,9.87,4.5,24.3,0,0
사과,과일/채소류,100,52,14,0.2,0.3,1,0,0
바나나,과일/채소류,100,93,23,0.3,1.1,1,0,0
코코넛,과일/채소류,100,354,15,33,3.3,20,0,0
포도,과일/채소류,100,42,11,0.1,0.8,0,0,0
오렌지,과일/채소류,100,47,12,0.1,0.9,0,0,0
석류,과일/채소류,100,82,19,1.2,1.7,3,0,0
블루베리,과일/채소류,100,57,14,0.3,0.7,1,0,0
딸기,과일/채소류,100,32,8,0.3,0.7,1,0,0
토마토,과일/채소류,100,17,3.9,0.2,0.9,5,0,0
감자,과일/채소류,100,76,17,0.1,2,6,0,0
호박,과일/채소류,100,26,7,0.1,1,1,0,0
오이,과일/채소류,100,15,3.6,0.1,0.7,2,0,0
시금치,과일/채소류,100,23,3.6,0.4,2.9,79,0,0
